iter	Logloss
0	0.5648399322
1	0.5414153276
